{
  "Easy": {
    "attempts": 7,
    "time": "00:00:36",
    "elapsed": 36.01645827293396
  },
  "Medium": {
    "attempts": 8,
    "time": "00:00:40",
    "elapsed": 40.0021231174469
  }
}